Report ID, Patient ID, Practice Name, Report Type, Body System, Body Part, Body Part Side, 0 (no pain) to 10 (most severe pain), Pain Frequency, ADLs for this body part set to "No limitations  no pain", ADLs for this body part set to "No limitations pain only", ADLs for this body part set to "Limitations with or without pain", Prior Injury, Date of prior injury, Prior Injury Pain, Prior Surgery: Arthoscopic or Open, Prior Surgery:Claviculoplasty, Prior Surgery: Total shoulder plasty, Prior Surgery: Unlabeled Blue Text Box, Prior Surgery:"Free Data entry" Blue Text Box, Surgery for this Injury, Date of Surgery, Arthoscopic or Open, This Injury surgery: Total shoulder plasty, This Injury surgery: Claviculoplasty, This Injury surgery: Unlabeled Blue Text Box, X-ray: Arthritis/degenerative joint changes, Sternoclavicular joint, Sternoclavicular joint Severity, Sternoclavicular joint Post Operative Changes, Sternoclavicular joint text box, Acromioclavicular joint, Acromioclavicular joint Severity, Acromioclavicular joint Post Operative Changes, Acromioclavicular joint text box, Glenohumeral joint, Glenohumeral joint Severity, Glenohumeral joint Post Operative Changes, Glenohumeral joint text box, Most recent Xray text box, MRI: Arthritis/degenerative joint changes, Acromioclavicular joint, Acromioclavicular joint Severity, Glenohumeral joint, Glenohumeral joint Severity, Most recent MRI text box, CT SCAN: Arthritis/degenerative joint changes, Acromioclavicular joint, Acromioclavicular joint Severity, Glenohumeral joint, Glenohumeral joint Severity, Most recent CT scan text box, Flexion - Right Side - Value 1, Flexion - Right Side - Value 2, Extension - Right Side - Value 1, Extension - Right Side - Value 2, Abduction - Right Side - Value 1, Abduction - Right Side - Value 2, Adduction - Right Side - Value 1,	Adduction - Right Side - Value 2, External Rotation - Right Side - Value 1,	External Rotation - Right Side - Value 2, Internal Rotation - Right Side - Value 1, Internal Rotation - Right Side - Value 2, Flexion - Left Side - Value 1, Flexion - Left Side - Value 2,	Extension - Left Side - Value 1, Extension - Left Side - Value 2, Abduction - Left Side - Value 1, Abduction - Left Side - Value 2, Adduction - Left Side - Value 1, Adduction - Left Side - Value 2, External Rotation - Left Side - Value 1, External Rotation - Left Side - Value 2, Internal Rotation - Left Side - Value 1, Internal Rotation - Left Side - Value 2, 5/5 Muscle Strength All Directions, Flexion, Flexion: Painful upon testing, Flexion: Strength (0-4), Extension, Extension: Painful upon testing, Extension: Strength (0-4), ABduction, ABduction: Painful upon testing, ABduction: Strength (0-4), ADduction, ADduction: Painful upon testing, ADduction: Strength (0-4), Internal Rotation, Internal Rotation: Painful upon testing, Internal Rotation: Strength (0-4), External Rotation, External Rotation: Painful upon testing, External Rotation: Strength (0-4), Instability, Instability type, Instability text box, Impairment Rating - Upper extremity - Shoulder - Large Textarea, Impairment Rating - Upper extremity - Shoulder - Whole Person Impairment, Impairment Rating - Upper extremity - Shoulder - Almaraz Guzman Adjustment, Impairment Rating - Final Claim Summary - Large Textarea, Impairment Rating - Final Claim Summary - Whole Person Impairment
5d1d2c934abb08211ca6e0b3, 5bc4881bc226250718e8199b, lmwconsulting, pr4, Upper Extremity, Shoulder, right, 6, Constant (100%), 31, 2, 1, true, 07/03/2019, 7, Open, true, true, Arthroscopic&nbsp; Open, Free Data Entry: Prior injury - Upper extremity - Shoulder - Right, true, 07/03/2019, Arthoscopic, true, true, Surgery for this injury - Upper extremity - Shoulder - Right Arthoscopic&nbsp; Open, , true, Moderate, true, Sternoclavicular joint text box, true, Severe, Postoperative, Acromioclavicular joint text box, true, false, Postoperative, Glenohumeral joint text box, , , , , , , , true, true, Moderate, true, Moderate, CT Scan Shoulder Right, 89, 78, 78, 98, 98, 89, 9, 87, 98, 98, 98, 78, 78, 97, 89, 89, 97, 98, 89, 98, 78, 78, 98, 79, No, true, Yes, 2, true, No, 2, true, Yes, 3, true, No, 1, true, Yes, 3, true, No, 3, Yes, With subluxating humeral head, Instability text, , , , &nbsp;
&nbsp;
&nbsp;

Cervical Spine - total whole person impairment:&nbsp;
66%


Thoracic Spine - total whole person impairment:&nbsp;
0%


Shoulder - Right - total whole person impairment:&nbsp;
0%


Shoulder - Left - total whole person impairment:&nbsp;
0%


Elbow - Right - total whole person impairment:&nbsp;
0%


Elbow - Left - total whole person impairment:&nbsp;
0%, , 
5d1d2c934abb08211ca6e0b3, 5bc4881bc226250718e8199b, lmwconsulting, pr4, Upper Extremity, Shoulder, left, , , 31, 2, 1, true, 07/03/2019, 5, Open, true, true, asdfasdf, Medical History - Upper extremity - Shoulder- Left, true, 07/03/2019, Open, true, true, , , , , , , , , , , , , , , , true, true, Moderate, true, Moderate, MRI SHOULDER LEFT, , , , , , , , , , , , , , , , , , , , , , , , , , , , , , , , , , , , , , , , , , , , , , , , , , , , , , , , &nbsp;
&nbsp;
&nbsp;

Cervical Spine - total whole person impairment:&nbsp;
66%


Thoracic Spine - total whole person impairment:&nbsp;
0%


Shoulder - Right - total whole person impairment:&nbsp;
0%


Shoulder - Left - total whole person impairment:&nbsp;
0%


Elbow - Right - total whole person impairment:&nbsp;
0%


Elbow - Left - total whole person impairment:&nbsp;
0%, , 